# name, mass, mass_error_min, mass_error_max, radius, radius_error_min, radius_error_max, orbital_period, orbital_period_err_min, orbital_period_err_max, semi_major_axis, semi_major_axis_error_min, semi_major_axis_error_max, eccentricity, eccentricity_error_min, eccentricity_error_max, angular_distance, inclination, inclination_error_min, inclination_error_max, tzero_tr, tzero_tr_error_min, tzero_tr_error_max, tzero_tr_sec, tzero_tr_sec_error_min, tzero_tr_sec_error_max, lambda_angle, lambda_angle_error_min, lambda_angle_error_max, tzero_vr, tzero_vr_error_min, tzero_vr_error_max, temp_calculated, temp_measured, hot_point_lon, log_g, publication_status, discovered, updated, omega, omega_error_min, omega_error_max, tperi, tperi_error_min, tperi_error_max, detection_type, molecules, star_name, ra, dec, mag_v, mag_i, mag_j, mag_h, mag_k, star_distance, star_metallicity, star_mass, star_radius, star_sp_type, star_age, star_teff
Kepler-10 b,0.014473146,0.003964383,0.003964383,0.130252708,0.001784284,0.001784284,0.8374912,3.00E-06,3.00E-06,0.01687,0.00014,0.00014,0,,,9.70E-05,84.15,0.18,0.18,2454964.574,0.00082,0.00082,,,,,,,,,,,,,,1,2011,11/26/2013,,,,,,,detected by transit,,Kepler-10,285.6791667,50.2413889,10.96,,,,,173,-0.15,0.895,1.056,G,11.9,5627
Kepler-10 c,0.063,inf,nan,0.206976906,0.002676426,0.002676426,45.29427,0.00012,0.00012,0.2413,0.0021,0.0021,0,,,0.001391,89.64,0.06,0.06,245971.6761,0.0023,0.0023,,,,,,,,,,,,,,1,2011,11/26/2013,,,,,,,detected by transit,,Kepler-10,285.6791667,50.2413889,10.96,,,,,173,-0.15,0.895,1.056,G,11.9,5627
Kepler-11 b,0.005978039,0.004404871,0.003146336,0.160585531,0.002676426,0.004460709,10.30375,0.00016,0.00016,0.091,0.003,0.003,0,,,,88.5,0.6,0.6,2454971.505,0.0077,0.0077,,,,,,,,,,,,,,1,2011,11/5/2013,,,,,,,detected by transit,,Kepler-11,297.1166667,41.9091667,13.7,,,,,,0,0.95,1.1,G,8,5680
Kepler-11 c,0.009124375,0.009124375,0.005034138,0.256044707,0.005352851,0.005352851,13.02502,8.00E-05,8.00E-05,0.106,0.004,0.004,0,,,,89,0.6,0.6,2454971.175,0.0031,0.0031,,,,,,,,,,,,,,1,2011,11/5/2013,,,,,,,detected by transit,,Kepler-11,297.1166667,41.9091667,13.7,,,,,,0,0.95,1.1,G,8,5680
Kepler-11 d,0.022968253,0.002517069,0.004719504,0.278348253,0.006244993,0.006244993,22.68719,0.00021,0.00021,0.159,0.005,0.005,0,,,,89.3,0.4,0.4,2454981.455,0.0044,0.0044,,,,,,,,,,,,,,1,2011,11/5/2013,,,,,,,detected by transit,,Kepler-11,297.1166667,41.9091667,13.7,,,,,,0,0.95,1.1,G,8,5680
Kepler-11 e,0.02643,0.005978,0.007866,0.4043,0.0385,0.0385,31.9959,0.00028,0.00028,0.194,0.007,0.007,0,,,,88.8,0.2,0.2,2454987.159,0.0037,0.0037,,,,,,,,,,,,,,1,2011,2/2/2011,,,,,,,detected by transit,,Kepler-11,297.1166667,41.9091667,13.7,,,,,,0,0.95,1.1,G,8,5680
Kepler-11 f,0.006292672,0.002517069,0.002831702,0.222143317,0.003568567,0.006244993,46.68876,0.00074,0.00074,0.25,0.009,0.009,0,,,,89.4,0.2,0.2,2454964.649,0.0059,0.0059,,,,,,,,,,,,,,1,2011,11/5/2013,,,,,,,detected by transit,,Kepler-11,297.1166667,41.9091667,13.7,,,,,,0,0.95,1.1,G,8,5680
Kepler-11 g,0.95,0,0.95,0.3274,0.0313,0.0313,118.37774,0.00112,0.00112,0.462,0.016,0.016,0,,,,89.8,0.2,0.2,2455120.29,0.0022,0.0022,,,,,,,,,,,,,,1,2011,7/23/2012,,,,,,,detected by transit,,Kepler-11,297.1166667,41.9091667,13.7,,,,,,0,0.95,1.1,G,8,5680
Kepler-114 b,0.022024353,0.009439008,0.009439008,0.105272737,0.007137135,0.007137135,5.188548,2.90E-05,2.90E-05,0.052,,,,,,,87.66,,,2454978.364,,,,,,,,,,,,722,,,,1,2013,12/20/2013,,,,,,,detected by transit,,Kepler-114,294.1208,48.3494,13.7,,,,,,-0.003,0.71,0.65,,,4450
Kepler-114 c,0.125853444,0.025170689,0.025170689,0.143,0.0044,0.0044,8.041,,,0.07,,,,,,,88.24,,,2454976.039,0.0015,0.0015,,,,,,,,,,623,,,,1,2013,12/20/2013,,,,,,,detected by transit,,Kepler-114,294.1208,48.3494,13.7,,,,,,-0.003,0.71,0.65,,,4450
Kepler-114 d,0.0151,0.0233,0.00818,0.226,0.007,0.007,11.776,,,0.09,,,,,,,88.24,,,2454975.704,0.00074,0.00074,,,,,,,,,,549,,,,1,2013,12/20/2013,,,,,,,detected by transit,,Kepler-114,294.1208,48.3494,13.7,,,,,,-0.003,0.71,0.65,,,4450
Kepler-12 b,0.431,0.041,0.041,1.695,0.032,0.032,4.4379637,2.00E-07,2.00E-07,0.0556,0.0007,0.0007,0.01,,,,88.76,0.08,0.08,2455004.008,2.00E-05,2.00E-05,,,,,,,,,,1477,,,,1,2011,10/19/2013,182,98,98,,,,detected by transit,,Kepler-12,0,0,13.4,,,,,,0.07,1.166,1.483,G0,4,5947
Kepler-128 b,0.0941,0.142,0.061,0.101,0.014,0.014,15.09,,,,,,,,,,,,,,,,,,,,,,,,,,,,,1,2013,12/20/2013,,,,,,,detected by transit,,Kepler-128,282.4917,43.9803,11.4,,,,,,-0.048,1.17,1.55,,,6013
Kepler-128 c,0.104,0.149,0.07,0.101,0.014,0.014,22.804,,,,,,,,,,,,,,,,,,,,,,,,,,,,,1,2013,12/20/2013,,,,,,,detected by transit,,Kepler-128,282.4917,43.9803,11.4,,,,,,-0.048,1.17,1.55,,,6013
Kepler-13 b,12.1,2.1,2.1,1.83,,,1.7637,0.0013,0.0013,,,,,,,,,,,2455138.744,0.0013,0.0013,,,,,,,,,,,,,,1,2011,9/12/2013,,,,,,,detected by transit,,Kepler-13,286.9708333,46.8683333,10,,,,,,-0.14,2.05,2.55,,,8500
Kepler-14 b,8.4,0.19,0.19,1.136,0.054,0.054,6.790123,4.30E-06,4.30E-06,,,,0.035,0.02,0.02,,90,2.8,2.8,,,,,,,,,,,,,1573,,,,2,2011,10/19/2013,,,,,,,detected by transit,,Kepler-14,287.7083333,47.3330556,12.12,,,,,980,0.12,1.512,2.048,F,2.2,6395
Kepler-145 b,0.108,0.169,0.064,0.237,0.032,0.032,22.951,,,,,,,,,,,,,,,,,,,,,,,,,,,,,1,2013,12/20/2013,,,,,,,detected by transit,,Kepler-145,291.3875,44.5292,11.9,,,,,,-0.674,1.26,1.98,,,6207
Kepler-145 c,0.234,0.349,0.153,0.395,0.035,0.035,42.882,,,,,,,,,,,,,,,,,,,,,,,,,,,,,1,2013,12/20/2013,,,,,,,detected by transit,,Kepler-145,291.3875,44.5292,11.9,,,,,,-0.674,1.26,1.98,,,6207
Kepler-15 b,0.66,0.09,0.09,0.96,0.07,0.07,4.942782,1.30E-06,1.30E-06,0.05714,0.00093,0.00093,,,,,87.44,1.5,1.5,2454969.329,9.60E-05,9.60E-05,,,,,,,,,,1225,,,,1,2011,10/19/2013,,,,,,,detected by transit,,Kepler-15,0,0,13.8,,,,,,0.36,1.018,0.992,,,5595
Kepler-16 (AB) b,0.333,0.016,0.016,0.7538,0.0023,0.0023,228.776,0.037,0.037,0.7048,0.001,0.001,0.00685,0.00146,0.00146,,90.0322,0.0023,0.0023,2455212.123,,,,,,,,,,,,,,,,1,2011,8/30/2013,318,22,22,,,,detected by transit,,Kepler-16 (AB),289.075,51.7575,12,,,,,,-0.3,0.8499,0.65,K,,4450
Kepler-17 b,2.45,0.014,0.014,1.312,0.018,0.018,1.4857108,2.00E-07,2.00E-07,0.02591,0.00037,0.00037,0.011,inf,nan,3.20E-05,87.2,0.15,0.15,2455185.678,2.60E-05,2.60E-05,,,,,,,,,,1655,,,,1,2011,10/19/2013,,,,,,,detected by transit,,Kepler-17,298.3958333,47.815,14,,,,,800,0.26,1.16,1.05,G2V,1.78,5781
Kepler-177 b,0.00535,0.00787,0.00378,0.259,0.013,0.013,35.855,,,,,,,,,,,,,,,,,,,,,,,,,,,,,1,2013,12/20/2013,,,,,,,detected by transit,,Kepler-177,286.0458,45.0533,15,,,,,,0.091,0.93,0.98,,,5942
Kepler-177 c,0.0198,0.033,0.0107,0.635,0.033,0.033,49.412,,,,,,,,,,,,,,,,,,,,,,,,,,,,,1,2013,12/20/2013,,,,,,,detected by transit,,Kepler-177,286.0458,45.0533,15,,,,,,0.091,0.93,0.98,,,5942
Kepler-18 b,0.021615329,0.01094925,0.01094925,0.178428367,0.008029277,0.008029277,3.504725,2.80E-05,2.80E-05,0.0447,0.0006,0.0006,,,,,84.92,0.26,0.26,2454966.507,0.0021,0.0021,,,,,,,,,,,,,,1,2011,11/5/2013,,,,,,,detected by transit,,Kepler-18,298.0791667,44.7463889,14,,,,,,0.2,0.972,1.108,,10,5383
Kepler-18 c,0.054116981,0.005978039,0.005978039,0.488893726,0.022303546,0.022303546,7.64159,3.00E-05,3.00E-05,0.0752,0.0011,0.0011,,,,,87.68,0.22,0.22,2455167.088,0.0023,0.0023,,,,,,,,,,,,,,1,2011,11/5/2013,,,,,,,detected by transit,,Kepler-18,298.0791667,44.7463889,14,,,,,,0.2,0.972,1.108,,10,5383
Kepler-18 d,0.051285278,0.004373407,0.004373407,0.62182286,0.028548539,0.028548539,14.85888,4.00E-05,4.00E-05,0.1172,0.0017,0.0017,,,,,88.07,0.1,0.1,2455169.178,0.0013,0.0013,,,,,,,,,,,,,,1,2011,11/5/2013,,,,,,,detected by transit,,Kepler-18,298.0791667,44.7463889,14,,,,,,0.2,0.972,1.108,,10,5383
Kepler-19 b,0.064,inf,nan,0.198,0.004,0.004,9.2869944,8.80E-06,8.80E-06,0.085,0.0015,0.0006,,,,,89.94,0.44,0.44,2454959.706,0.00036,0.00036,,,,,,,,,,,,,,1,2011,4/25/2013,,,,,,,detected by transit,,Kepler-19,290.4208333,37.8516667,12,,,,,,-0.13,0.936,0.85,,1.9,5541
Kepler-20 b,0.02658654,0.006670233,0.006670233,0.169506949,0.00981356,0.017842837,3.6961219,,,0.04537,0.0006,0.0006,0.32,inf,nan,0.000156,86.5,0.31,0.31,2454967.5,0.00068,0.00068,,,,,,,,,,,,,,1,2011,11/5/2013,,,,,,,detected by transit,,Kepler-20,287.7,42.3386111,12.5,,,,,290,0.02,0.912,0.944,G8,8.8,5466
Kepler-20 c,0.049397477,0.007268036,0.007268036,0.272995402,0.016950695,0.026764255,10.854092,1.30E-05,1.30E-05,0.093,0.001,0.001,0.4,inf,nan,0.000321,88.39,0.16,0.16,2454971.608,0.00046,0.00046,,,,,,,,,,,,,,1,2011,11/5/2013,,,,,,,detected by transit,,Kepler-20,287.7,42.3386111,12.5,,,,,290,0.02,0.912,0.944,G8,8.8,5466
Kepler-20 d,0.06,,,0.25,0.027,0.027,77.61185,0.00037,0.00037,0.3453,0.0046,0.0046,0.6,inf,nan,0.001191,89.57,0.0048,0.0048,2454997.727,0.0019,0.0019,,,,,,,,,,,,,,1,2011,12/6/2012,,,,,,,detected by transit,,Kepler-20,287.7,42.3386111,12.5,,,,,290,0.02,0.912,0.944,G8,8.8,5466
Kepler-20 e,0.0097,inf,nan,0.078,0.09,0.09,6.098493,6.50E-05,6.50E-05,0.0507,0.0067,0.0067,,,,0.000175,87.5,0.34,0.34,245968.9336,0.0039,0.0039,,,,,,,,,,,,,,1,2011,8/30/2013,,,,,,,detected by transit,,Kepler-20,287.7,42.3386111,12.5,,,,,290,0.02,0.912,0.944,G8,8.8,5466
Kepler-20 f,0.045,,,0.09,0.01,0.01,19.57706,0.00052,0.00052,0.11,0.01,0.01,,,,0.000379,88.68,0.17,0.17,2454968.219,0.011,0.011,,,,,,,,,,,,,,1,2011,12/6/2012,,,,,,,detected by transit,,Kepler-20,287.7,42.3386111,12.5,,,,,290,0.02,0.912,0.944,G8,8.8,5466
Kepler-21 b,0.033,inf,nan,0.1459,0.0035,0.0035,2.785755,3.20E-05,3.20E-05,0.042507,0.000106,0.000106,0,,,0.000394,82.58,0.29,0.29,2455093.837,0.0016,0.0016,,,,,,,,,,,,,,3,2011,12/12/2011,,,,,,,detected by transit,,Kepler-21,287.3625,38.7138889,8.27,,,,,108,-0.15,1.34,1.86,F6IV,2.84,6131
Kepler-22 b,0.11,inf,nan,0.21,0.012,0.012,289.8623,0.02,0.02,0.849,0.018,0.018,,,,0.004468,89.764,0.042,0.042,2454966.698,0.0023,0.0023,,,,,,,,,,,,,,1,2011,6/11/2013,,,,,,,detected by transit,,Kepler-22,289.2166667,47.8844444,12,,,,,190,-0.29,0.97,0.979,G5,,5518
Kepler-23 b,0.8,inf,nan,0.17,,,7.1073,,,0.075,,,,,,,,,,2454971.302,,,,,,,,,,,,,,,,1,2012,1/30/2012,,,,,,,detected by transit,,Kepler-23,294.2166667,49.4791667,14,,,,,,,1.11,1.52,,,5760
Kepler-23 c,2.7,inf,nan,0.29,,,10.7421,,,0.099,,,,,,,,,,2454966.293,,,,,,,,,,,,,,,,1,2012,1/30/2012,,,,,,,detected by transit,,Kepler-23,294.2166667,49.4791667,14,,,,,,,1.11,1.52,,,5760
Kepler-238 e,0.626,3.54,0.048,0.501,0.724,0.501,23.654,,,,,,,,,,,,,,,,,,,,,,,,,,,,,1,2013,12/30/2013,,,,,,,detected by transit,,Kepler-238,287.8958,40.6378,,,,,,,0.143,1.43,0.9,,,5614
Kepler-238 f,0.056,0.294,0.0047,0.179,0.258,0.179,50.447,,,,,,,,,,,,,,,,,,,,,,,,,,,,,1,2013,12/30/2013,,,,,,,detected by transit,,Kepler-238,287.8958,40.6378,,,,,,,0.143,1.43,0.9,,,5614
Kepler-24 b,1.6,inf,nan,0.21,,,8.1453,,,0.08,,,,,,,,,,2454973.569,,,,,,,,,,,,,,,,1,2012,1/30/2012,,,,,,,detected by transit,,Kepler-24,290.4125,38.3438889,15.5,,,,,,,1.03,1.07,,,5800
Kepler-24 c,1.6,inf,nan,0.25,,,12.3335,,,0.106,,,,,,,,,,2454970.586,,,,,,,,,,,,,,,,1,2012,1/30/2012,,,,,,,detected by transit,,Kepler-24,290.4125,38.3438889,15.5,,,,,,,1.03,1.07,,,5800
Kepler-25 b,12.7,inf,nan,0.23,,,6.2385,,,0.068,,,,,,,,,,2454973.513,,,,,,,,,,,,,,,,1,2012,1/30/2012,,,,,,,detected by transit,,Kepler-25,286.6375,39.4877778,11,,,,,,0.01,1.22,1.36,,,6190
Kepler-25 c,4.16,inf,nan,0.4,,,12.7204,,,0.11,,,,,,,,,,2454986.087,,,,,,,,,,,,,,,,1,2012,1/30/2012,,,,,,,detected by transit,,Kepler-25,286.6375,39.4877778,11,,,,,,0.01,1.22,1.36,,,6190
Kepler-26 b,0.38,inf,nan,0.32,,,12.2829,,,0.085,,,,,,,,,,2454978.832,,,,,,,,,,,,,,,,1,2012,1/30/2012,,,,,,,detected by transit,,Kepler-26,284.9416667,46.5666667,16,,,,,,-0.21,0.65,0.59,,,4500
Kepler-26 c,0.375,inf,nan,0.32,,,17.2513,,,0.107,,,,,,,,,,2454982.885,,,,,,,,,,,,,,,,1,2012,1/30/2012,,,,,,,detected by transit,,Kepler-26,284.9416667,46.5666667,16,,,,,,-0.21,0.65,0.59,,,4500
Kepler-27 b,9.11,inf,nan,0.36,,,15.3348,,,0.118,,,,,,,,,,2454991.673,,,,,,,,,,,,,,,,1,2012,1/30/2012,,,,,,,detected by transit,,Kepler-27,292.2375,41.0858333,,,,,,,0.41,0.65,0.59,,,5400
Kepler-27 c,13.8,inf,nan,0.44,,,31.3309,,,0.191,,,,,,,,,,2454986.427,,,,,,,,,,,,,,,,1,2012,10/10/2013,,,,,,,detected by transit,,Kepler-27,292.2375,41.0858333,,,,,,,0.41,0.65,0.59,,,5400
Kepler-276 c,0.045,0.067,0.0299,0.259,0.0143,0.0143,31.884,,,,,,,,,,,,,,,,,,,,,,,,,,,,,1,2013,12/30/2013,,,,,,,detected by transit,,Kepler-276,293.5667,39.0364,,,,,,,0.012,0.96,0.95,,,5812
Kepler-276 d,0.044,0.0673,0.0283,0.25,0.0134,0.0134,48.648,,,,,,,,,,,,,,,,,,,,,,,,,,,,,1,2013,12/30/2013,,,,,,,detected by transit,,Kepler-276,293.5667,39.0364,,,,,,,0.012,0.96,0.95,,,5812
Kepler-277 b,0.28,0.471,0.139,0.261,0.0349,0.0349,17.324,,,,,,,,,,,,,,,,,,,,,,,,,,,,,1,2013,12/20/2013,,,,,,,detected by transit,,Kepler-277,286.5833,39.0772,13.4,,,,,,-0.315,1.19,1.65,,,6306
Kepler-277 c,0.21,0.313,0.134,0.3,0.04,0.04,33.006,,,,,,,,,,,,,,,,,,,,,,,,,,,,,1,2013,12/20/2013,,,,,,,detected by transit,,Kepler-277,286.5833,39.0772,13.4,,,,,,-0.315,1.19,1.65,,,6306
Kepler-279 c,0.171,0.469,0.05,0.385,0.157,0.157,35.736,,,0.232,,,,,,,,,,2454984.061,,,,,,,,,,,,,,,,1,2013,12/30/2013,,,,,,,detected by transit,,Kepler-279,287.3917,42.195,13.7,,,,,,-0.57,1.23,1.27,,,6562
Kepler-279 d,0.13,0.357,0.038,0.277,0.114,0.114,54.414,,,0.30728,,,,,,,,,,2454981.88,,,,,,,,,,,,,,,,1,2013,12/30/2013,,,,,,,detected by transit,,Kepler-279,287.3917,42.195,13.7,,,,,,-0.57,1.23,1.27,,,6562
Kepler-28 b,1.51,inf,nan,0.32,,,5.9123,,,0.062,,,,,,,,,,2454975.623,,,,,,,,,,,,,,,,1,2012,1/30/2012,,,,,,,detected by transit,,Kepler-28,292.1375,42.4294444,15.5,,,,,,0.34,0.75,0.7,,,4590
Kepler-28 c,1.36,inf,nan,0.3,,,8.9858,,,0.081,,,,,,,,,,2454981.728,,,,,,,,,,,,,,,,1,2012,1/30/2012,,,,,,,detected by transit,,Kepler-28,292.1375,42.4294444,15.5,,,,,,0.34,0.75,0.7,,,4590
Kepler-282 d,0.204,0.38,0.08,0.22,,,24.806,,,,,,,,,,,,,,,,,,,,,,,,,,,,,1,2013,12/30/2013,,,,,,,detected by transit,,Kepler-282,269.6792,44.7975,15.2,,,,,,-0.374,1.09,1.01,,,5876
Kepler-282 e,0.192,0.3,0.12,0.277,0.0143,0.0143,44.347,,,,,,,,,,,,,,,,,,,,,,,,,,,,,1,2013,12/30/2013,,,,,,,detected by transit,,Kepler-282,269.6792,44.7975,15.2,,,,,,-0.374,1.09,1.01,,,5876
Kepler-29 b,0.4,,,0.32,0.045,0.045,10.3376,0.0002,0.0002,0.09,,,,,,,,,,2454982.75,0.009,0.009,,,,,,,,,,,,,,1,2012,1/30/2012,,,,,,,detected by transit,,Kepler-29,298.35,47.4911111,15.5,,,,,,0,1,0.96,,,5750
Kepler-29 c,0.3,,,0.26,0.036,0.036,13.2907,0.0004,0.0004,0.11,,,,,,,,,,2454978.471,0.016,0.016,,,,,,,,,,,,,,1,2012,1/30/2012,,,,,,,detected by transit,,Kepler-29,298.35,47.4911111,15.5,,,,,,0,1,0.96,,,5750
Kepler-30 b,0.036,0.004,0.004,0.35,0.02,0.02,29.334,0.008,0.008,0.18,,,,,,,89.82,0.16,0.16,2455246.65,0.04,0.04,,,,,,,,,,,,,,1,2012,11/12/2012,,,,,,,detected by transit,,Kepler-30,285.2833333,38.9472222,15.5,,,,,,0.18,0.99,0.95,,,5498
Kepler-30 c,2.01,0.16,0.16,1.1,0.036,0.036,60.3231,0.0002,0.0002,0.3,,,,,,,89.68,0.03,0.03,2455357.887,0.0005,0.0005,,,,,,,,,,,,,,1,2012,8/31/2012,,,,,,,detected by transit,,Kepler-30,285.2833333,38.9472222,15.5,,,,,,0.18,0.99,0.95,,,5498
Kepler-30 d,0.073,0.008,0.008,0.79,0.045,0.045,143.343,0.009,0.009,0.5,,,,,,,89.84,0.02,0.02,2455273.53,0.01,0.01,,,,,,,,,,,,,,1,2012,8/31/2012,,,,,,,detected by transit,,Kepler-30,285.2833333,38.9472222,15.5,,,,,,0.18,0.99,0.95,,,5498
Kepler-305 b,0.0356,0.0938,0.012,0.322,0.111,0.111,5.487,,,0.05856,,,,,,,,,,2455189.08,,,,,,,,,,,,,,,,1,2013,12/20/2013,,,,,,,detected by transit,,Kepler-305,299.225,40.3431,15.8,,,,,,-0.071,0.83,0.87,,,4918
Kepler-305 c,0.0192,0.0538,0.0057,0.295,0.1,0.1,8.291,,,0.07711,,,,,,,,,,2455192.628,,,,,,,,,,,,,,,,1,2013,12/20/2013,,,,,,,detected by transit,,Kepler-305,299.225,40.3431,15.8,,,,,,-0.071,0.83,0.87,,,4918
Kepler-307 b,0.0079,0.021,0.002,0.286,0.117,0.117,10.416,,,,,,,,,,,,,,,,,,,,,,,,,,,,,1,2013,12/20/2013,,,,,,,detected by transit,,Kepler-307,297.7958,40.4178,14.1,,,,,,0.158,0.78,1.03,,,5445
Kepler-307 c,0.0038,0.01,0.001,0.25,0.1,0.1,13.084,,,,,,,,,,,,,,,,,,,,,,,,,,,,,1,2013,12/20/2013,,,,,,,detected by transit,,Kepler-307,297.7958,40.4178,14.1,,,,,,0.158,0.78,1.03,,,5445
Kepler-31 b,6.8,,,0.38,0.07,0.07,20.8613,0.0002,0.0002,0.16,,,,,,,,,,2454992.141,0.006,0.006,,,,,,,,,,,,,,1,2012,1/30/2012,,,,,,,detected by transit,,Kepler-31,294.025,45.8530556,15.5,,,,,,-0.08,1.21,1.22,,,6340
Kepler-31 c,4.7,,,0.38,0.07,0.07,42.6318,0.0005,0.0005,0.26,,,,,,,,,,2454974.191,0.007,0.007,,,,,,,,,,,,,,1,2012,1/30/2012,,,,,,,detected by transit,,Kepler-31,294.025,45.8530556,15.5,,,,,,-0.08,1.21,1.22,,,6340
Kepler-32 b,4.1,,,0.37,0.036,0.036,5.90124,0.0001,0.0001,0.05,,,,,,,,,,2454974.902,0.008,0.008,,,,,,,,,,,,,,1,2012,1/30/2012,,,,,,,detected by transit,,Kepler-32,297.8416667,46.5741667,16,,,,,,0,0.58,0.53,,,3900
Kepler-32 c,0.5,,,0.33,0.036,0.036,8.7522,0.0003,0.0003,0.09,,,,,,,,,,2454977.378,0.013,0.013,,,,,,,,,,,,,,1,2012,1/30/2012,,,,,,,detected by transit,,Kepler-32,297.8416667,46.5741667,16,,,,,,0,0.58,0.53,,,3900
Kepler-328 b,0.069,0.198,0.019,0.206,0.076,0.076,34.921,,,,,,,,,,,,,,,,,,,,,,,,,,,,,1,2013,12/20/2013,,,,,,,detected by transit,,Kepler-328,288.3125,46.7714,,,,,,,-0.186,0.98,0.97,,,5314
Kepler-328 c,0.1,0.28,0.03,0.483,0.179,0.179,71.312,,,,,,,,,,,,,,,,,,,,,,,,,,,,,1,2013,12/20/2013,,,,,,,detected by transit,,Kepler-328,288.3125,46.7714,,,,,,,-0.186,0.98,0.97,,,5314
Kepler-33 b,,,,0.16,0.02,0.02,5.66793,0.00012,0.00012,0.0677,0.0014,0.0014,,,,,86.39,1.17,1.17,2454964.898,0.0075,0.0075,,,,,,,,,,,,,,1,2012,12/6/2012,,,,,,,detected by transit,,Kepler-33,289.0791667,46.0052778,14,,,,,,,1.291,1.82,,4.27,5904
Kepler-33 c,,,,0.29,0.027,0.027,13.17562,0.00014,0.00014,0.1189,0.0025,0.0025,,,,,88.19,0.72,0.72,2454976.676,0.0042,0.0042,,,,,,,,,,,,,,1,2012,12/6/2012,,,,,,,detected by transit,,Kepler-33,289.0791667,46.0052778,14,,,,,,,1.291,1.82,,4.27,5904
Kepler-33 d,,,,0.48,0.04,0.04,21.77596,0.00011,0.00011,0.1662,0.0035,0.0035,,,,,88.71,0.51,0.51,2454968.872,0.0048,0.0048,,,,,,,,,,,,,,1,2012,12/6/2012,,,,,,,detected by transit,,Kepler-33,289.0791667,46.0052778,14,,,,,,,1.291,1.82,,4.27,5904
Kepler-33 e,,,,0.36,0.034,0.034,31.7844,0.00039,0.00039,0.2138,0.0045,0.0045,,,,,88.94,0.37,0.37,2454968.872,0.0048,0.0048,,,,,,,,,,,,,,1,2012,12/6/2012,,,,,,,detected by transit,,Kepler-33,289.0791667,46.0052778,14,,,,,,,1.291,1.82,,4.27,5904
Kepler-33 f,,,,0.4,0.037,0.037,41.02902,0.00042,0.00042,0.2535,0.0054,0.0054,,,,,,,,2455005.576,0.004,0.004,,,,,,,,,,,,,,1,2012,12/6/2012,,,,,,,detected by transit,,Kepler-33,289.0791667,46.0052778,14,,,,,,,1.291,1.82,,4.27,5904
Kepler-34(AB)  b,0.219928893,0.010980713,0.009973885,0.763673412,0.013382128,0.013382128,288.822,0.081,0.081,1.0896,0.0009,0.0009,0.182,0.02,0.02,0.000727,90.355,0.018,0.018,2454969.2,,,,,,,,,,,,,,,,1,2012,11/15/2013,,,,,,,detected by transit,,Kepler-34(AB),296.4375,44.6416667,15,,,,,1499,-0.07,2.0687,1.1,G,,5913
Kepler-35(AB) b,0.126797344,0.019979234,0.019979234,0.727987738,0.013382128,0.013382128,131.458,0.105,0.105,0.60347,0.00103,0.00103,0.042,0.004,0.004,0.000367,90.76,0.09,0.09,2454965.85,,,,,,,,,,,,,,,,1,2012,11/5/2013,,,,,,,detected by transit,,Kepler-35(AB),294.4958333,46.69,16,,,,,1645,-0.34,1.6971,1,G,,5606
Kepler-350 c,0.0176,0.054,0.004,0.277,0.125,0.125,17.849,,,,,,,,,,,,,,,,,,,,,,,,,,,,,1,2013,12/29/2013,,,,,,,detected by transit,,Kepler-350,285.4208,39.7061,13.8,,,,,,-0.308,1.03,1.33,,,6215
Kepler-350 d,0.048,0.128,0.014,0.25,0.092,0.092,26.136,,,,,,,,,,,,,,,,,,,,,,,,,,,,,1,2013,12/29/2013,,,,,,,detected by transit,,Kepler-350,285.4208,39.7061,13.8,,,,,,-0.308,1.03,1.33,,,6215
Kepler-36 b,0.014032659,0.000943901,0.000943901,0.132036992,0.002676426,0.002676426,13.83989,0.006,0.0082,0.1153,0.0015,0.0015,,,,,,,,2454960.975,0.0058,0.0058,,,,,,,,,,,,,,1,2012,11/5/2013,,,,,,,detected by transit,,Kepler-36,291.25,49.2319444,12,,,,,,,1.113,1.66,,6.923,5900
Kepler-36 c,0.0254,0.0019,0.0014,0.329,0.048,0.048,16.23855,0.00038,0.00054,0.1283,0.0016,0.0016,,,,,,,,2454955.913,0.0011,0.0011,,,,,,,,,,,,,,1,2012,5/3/2013,,,,,,,detected by transit,,Kepler-36,291.25,49.2319444,12,,,,,,,1.113,1.66,,6.923,5900
Kepler-37b,,,,0.027,0.0065,0.0047,13.367308,8.50E-05,5.80E-05,0.1003,0.0011,0.0008,,,,,88.63,0.53,0.3,2455017.033,0.00089,0.00034,,,,,,,,,,,,,,1,2013,8/30/2013,,,,,,,detected by transit,,Kepler-37,284.59625,44.51817,9.77,,,,,66,-0.32,0.803,0.77,,6,5417
Kepler-37c,,,,0.0662,0.0074,0.0058,21.301886,4.40E-05,4.60E-05,0.1368,0.0014,0.0011,,,,,89.07,0.33,0.19,2455024.838,0.00078,0.00036,,,,,,,,,,,,,,1,2013,8/30/2013,,,,,,,detected by transit,,Kepler-37,284.59625,44.51817,9.77,,,,,66,-0.32,0.803,0.77,,6,5417
Kepler-37d,,,,0.177,0.012,0.01,39.792187,4.30E-05,4.00E-05,0.2076,0.0022,0.0016,,,,,89.335,0.047,0.043,2455008.25,0.00049,0.00043,,,,,,,,,,,,,,1,2013,4/29/2013,,,,,,,detected by transit,,Kepler-37,284.59625,44.51817,9.77,,,,,66,-0.32,0.803,0.77,,6,5417
Kepler-38(AB) b,0.38,0,0.38,0.39,0.01,0.01,105.595,0.038,0.038,0.4644,0.0082,0.0082,,,,,89.446,0.026,0.026,,,,,,,,,,,,,,,,,1,2012,8/30/2013,,,,,,,detected by transit,,Kepler-38A,286.8292,42.2792,14.3,,,,,,-0.158,0.949,1.757,,,5640
Kepler-39 b,18,0.9,0.9,1.22,0.12,0.12,21.087174,1.80E-05,1.80E-05,0.155,0.03,0.03,0.121,0.023,0.023,,88.83,0.59,0.4,2454972.596,0.0006,0.0006,,,,,,,,,,905,,,,1,2011,9/24/2013,98.9,5.9,6.8,,,,detected by transit,,Kepler-39,296.9583333,46.0344444,14.3,,,,,1200,-0.29,1.1,1.39,F7IV,5.08,6260
Kepler-396 b,0.22,0.61,0.068,0.31,0.12,0.12,42.994,,,0.36709,,,,,,,,,,2455015.653,,,,,,,,,,,,,,,,1,2013,12/20/2013,,,,,,,detected by transit,,Kepler-396,296.1333,48.8106,,,,,,,-0.129,0.81,1.04,,,5384
Kepler-396 c,0.053,0.14,0.016,0.47,0.19,0.19,88.505,,,0.22662,,,,,,,,,,2454995.512,,,,,,,,,,,,,,,,1,2013,12/20/2013,,,,,,,detected by transit,,Kepler-396,296.1333,48.8106,,,,,,,-0.129,0.81,1.04,,,5384
Kepler-4 b,0.082434006,0.012805588,0.012805588,0.356856735,0.018734979,0.018734979,3.21346,0.00022,0.00022,0.0456,0.0009,0.0009,0,,,8.30E-05,89.76,2.05,2.05,2454956.613,0.0015,0.0015,,,,,,,,,,,,,,1,2010,11/5/2013,,,,,,,detected by transit,,Kepler-4,285.6166667,50.1358333,12.7,,,,,550,0.17,1.223,1.487,G0,4.5,5857
Kepler-40 b,2.2,0.4,0.4,1.17,0.04,0.04,6.87349,0.00064,0.00064,0.08,0.003,0.003,0,,,3.00E-05,89.7,0.1,0.1,2455005.52,0.0024,0.0024,,,,,,,,,,,,,,1,2010,9/24/2013,,,,,,,detected by transit,,Kepler-40,296.8125,47.5266667,14.76,,,,,2700,0.1,1.48,2.13,F5IV,2.8,6510
Kepler-41  b,0.49,0.09,0.09,0.841,0.032,0.032,1.855558,7.00E-06,7.00E-06,0.029,0.001,0.001,0,,,4.00E-05,88.3,0.7,0.7,2454970.18,0.0003,0.0003,,,,,,,,,,1745,,,,1,2011,10/19/2013,,,,,,,detected by transit,,Kepler-41,294.5125,45.9816667,14.5,,,,,730,-0.09,0.94,0.966,G2V,7.4,5660
Kepler-410A b,,,,0.253189853,0.004817566,0.004817566,17.833648,5.40E-05,5.40E-05,0.1236,0.0047,0.0047,0.17,0.32,0.32,,87.72,0.15,0.15,2455014.222,0.00058,0.00058,,,,,,,,,,,,,,1,2013,12/20/2013,270,60,60,,,,detected by transit,,Kepler-410A,283.15,45.13972223,9.5,,,,,132,0,1.214,1.352,,2.76,6273
Kepler-42 b,0.009,inf,nan,0.07,0.02,0.02,1.2137672,4.60E-06,4.60E-06,0.0116,,,,,,0.0003,,,,,,,,,,,,,,,,,,,,1,2012,8/30/2013,,,,,,,detected by transit,,Kepler-42,292.2208333,44.6194444,16.12,,,,,38.7,-0.48,0.13,0.17,,,3068
Kepler-42 c,0.006,inf,nan,0.065,0.018,0.018,0.45328509,9.70E-07,9.70E-07,0.006,,,,,,0.000155,,,,,,,,,,,,,,,,,,,,1,2012,8/30/2013,,,,,,,detected by transit,,Kepler-42,292.2208333,44.6194444,16.12,,,,,38.7,-0.48,0.13,0.17,,,3068
Kepler-42 d,0.003,inf,nan,0.051,0.016,0.016,1.856169,1.40E-05,1.40E-05,0.0154,,,,,,0.000398,,,,,,,,,,,,,,,,,,,,1,2012,8/30/2013,,,,,,,detected by transit,,Kepler-42,292.2208333,44.6194444,16.12,,,,,38.7,-0.48,0.13,0.17,,,3068
Kepler-43 b,3.23,0.19,0.19,1.2,0.06,0.06,3.024095,2.10E-05,2.10E-05,0.0449,0.001,0.001,0.025,inf,nan,2.30E-05,84.35,0.4,0.4,2454965.416,0.0006,0.0006,,,,,,,,,,,,,,1,2011,9/24/2013,,,,,,,detected by transit,,Kepler-43,285.2416667,46.6683333,14,,,,,1950,0.33,1.32,1.2,G0V/G0IV,2.8,6041
Kepler-44 b,1.02,0.07,0.07,1.24,0.07,0.07,3.24674,1.80E-05,1.80E-05,0.0455,0.0013,0.0013,0.021,inf,nan,2.00E-05,83.78,0.55,0.55,2454966.378,0.0004,0.0004,,,,,,,,,,,,,,1,2011,9/24/2013,,,,,,,detected by transit,,Kepler-44,300.1041667,45.7622222,15,,,,,2250,0.26,1.19,1.52,G2IV,6.95,5757
Kepler-45 b,0.505,0.09,0.09,0.96,0.11,0.11,2.455239,5.00E-06,5.00E-06,0.027,0.003,0.003,0.11,0.1,0.1,8.10E-05,87,0.7,0.7,,,,,,,,,,,,,,,,,2,2011,9/24/2013,230,68,68,,,,detected by transit,,Kepler-45,292.875,41.0641667,16.88,,,,,333,0.08,0.59,0.55,M,,3820
Kepler-46 b,6,inf,nan,0.812,0.043,0.043,33.60134,0.00021,0.00021,0.1967,0.0029,0.0029,0.01,0.01,0.01,0.00023,89.033,0.069,0.069,2455053.283,0.0014,0.0014,,,,,,,,,,,,,,1,2012,9/24/2013,,,,,,,detected by transit,,Kepler-46,289.2708333,42.6041667,15.3,,,,,857,0.41,0.902,0.94,,9.9,5155
Kepler-46 c,0.376,0.023,0.023,,,,57.004,0.1,0.1,0.2799,0.0041,0.0041,0.0145,0.0039,0.0039,0.000327,87.25,0.95,0.95,,,,,,,,,,,,,,,,,1,2012,11/5/2013,329.4,11,11,,,,pulsar,,Kepler-46,289.2708333,42.6041667,15.3,,,,,857,0.41,0.902,0.94,,9.9,5155
Kepler-47(AB) b,,,,0.27,0.011,0.011,49.514,0.04,0.04,0.2956,0.0047,0.0047,,,,,89.59,0.5,0.5,,,,,,,,,,,,,,,,,1,2012,8/30/2013,,,,,,,detected by transit,,Kepler-47A,295.2979,46.92,,,,,,,,1.043,0.964,,,5636
Kepler-47(AB) c,,,,0.41,0.018,0.018,303.148,0.072,0.072,0.989,0.016,0.016,,,,,89.826,,,,,,,,,,,,,,,,,,,1,2012,11/14/2013,,,,,,,detected by transit,,Kepler-47A,295.2979,46.92,,,,,,,,1.043,0.964,,,5636
Kepler-48 b,0.040902369,0.009439008,0.009439008,0.18,,,4.7779803,1.40E-05,1.40E-05,,,,,,,,,,,2454957.063,0.001,0.001,,,,,,,,,,,,,,1,2012,10/31/2013,,,,,,,detected by transit,,Kepler-48,299.1375,40.9489,13.5,,,,,,,0.89,0.89,,,5190
Kepler-48 c,0.028317025,0.009439008,0.009439008,0.3,,,9.6739283,2.00E-05,2.00E-05,,,,,,,,,,,2454958.34,0.00077,0.00077,,,,,,,,,,,,,,1,2012,10/31/2013,,,,,,,detected by transit,,Kepler-48,299.1375,40.9489,13.5,,,,,,,0.89,0.89,,,5190
Kepler-49 b,,,,0.24,,,7.2037945,2.20E-05,2.20E-05,,,,,,,,,,,2455003.288,0.001,0.001,,,,,,,,,,,,,,1,2012,1/17/2013,,,,,,,detected by transit,,Kepler-49,292.2958,40.5917,15.5,,,,,,,0.55,0.53,,,3974
Kepler-49 c,,,,0.23,,,10.9129343,6.90E-05,6.90E-05,,,,,,,,,,,2455002.849,0.0022,0.0022,,,,,,,,,,,,,,1,2012,1/17/2013,,,,,,,detected by transit,,Kepler-49,292.2958,40.5917,15.5,,,,,,,0.55,0.53,,,3974
Kepler-5 b,2.114,0.064,0.064,1.431,0.048,0.048,3.54846,3.20E-05,3.20E-05,0.05064,0.0007,0.0007,0,,,,86.3,0.6,0.6,2454955.901,0.00021,0.00021,,,,,,,,,,1752,,,,4,2010,10/19/2013,,,,,,,detected by transit,,Kepler-5,299.4083333,44.035,,,,,,,0.04,1.374,1.793,,,6297
Kepler-50 b,0.024,0,0.024,0.2,,,7.8125124,5.20E-05,5.20E-05,,,,,,,,,,,2455005.632,0.0022,0.0022,,,,,,,,,,,,,,1,2012,1/17/2013,,,,,,,detected by transit,,Kepler-50,288.1,50.0336,11,,,,,,,1.23,1.88,,,6058
Kepler-50 c,0.022,0,0.022,0.25,,,9.3761368,5.60E-05,5.60E-05,,,,,,,,,,,2454969.969,0.0022,0.0022,,,,,,,,,,,,,,1,2012,1/17/2013,,,,,,,detected by transit,,Kepler-50,288.1,50.0336,11,,,,,,,1.23,1.88,,,6058
Kepler-51 b,,,,0.63,,,45.1555023,7.20E-05,7.20E-05,,,,,,,,,,,2454992.104,0.00062,0.00062,,,,,,,,,,,,,,1,2012,1/17/2013,,,,,,,detected by transit,,Kepler-51,296.4792,49.9378,15,,,,,,,1,0.91,,,5803
Kepler-51 c,,,,0.51,,,85.3128662,0.00096,0.00096,,,,,,,,,,,2455128.321,0.0022,0.0022,,,,,,,,,,,,,,1,2012,1/17/2013,,,,,,,detected by transit,,Kepler-51,296.4792,49.9378,15,,,,,,,1,0.91,,,5803
Kepler-52 b,0.28,0,0.28,0.19,,,7.8773565,3.80E-05,3.80E-05,,,,,,,,,,,2455009.377,0.0015,0.0015,,,,,,,,,,,,,,1,2012,1/17/2013,,,,,,,detected by transit,,Kepler-52,286.7375,49.9758,15.5,,,,,,,0.54,0.52,,,4075
Kepler-52 c,0.12,0,0.12,0.16,,,16.3850021,0.00014,0.00014,,,,,,,,,,,2455005.725,0.0027,0.0027,,,,,,,,,,,,,,1,2012,1/17/2013,,,,,,,detected by transit,,Kepler-52,286.7375,49.9758,15.5,,,,,,,0.54,0.52,,,4075
Kepler-53 b,0.26,0,0.26,0.26,,,18.6489525,0.00016,0.00016,,,,,,,,,,,2455007.776,0.0029,0.0029,,,,,,,,,,,,,,1,2012,1/17/2013,,,,,,,detected by transit,,Kepler-53,290.4625,40.5625,16,,,,,,,0.98,0.89,,,5858
Kepler-53 c,0.076,0.038,0.076,0.28,,,38.5583038,0.00041,0.00041,,,,,,,,,,,2454996.848,0.0038,0.0038,,,,,,,,,,,,,,1,2012,1/17/2013,,,,,,,detected by transit,,Kepler-53,290.4625,40.5625,16,,,,,,,0.98,0.89,,,5858
Kepler-54 b,,,,0.19,,,8.0109434,6.90E-05,6.90E-05,,,,,,,,,,,2455003.149,0.0029,0.0029,,,,,,,,,,,,,,1,2012,1/17/2013,,,,,,,detected by transit,,Kepler-54,294.775,43.0564,16.3,,,,,,,0.51,0.5,,,3705
Kepler-54 c,,,,0.11,,,12.0717249,0.00029,0.00029,,,,,,,,,,,2454976.448,0.0091,0.0091,,,,,,,,,,,,,,1,2012,1/17/2013,,,,,,,detected by transit,,Kepler-54,294.775,43.0564,16.3,,,,,,,0.51,0.5,,,3705
Kepler-55 b,,,,0.22,,,27.94811449,0.00024,0.00024,,,,,,,,,,,2455111.796,0.0031,0.0031,,,,,,,,,,,,,,1,2012,1/17/2013,,,,,,,detected by transit,,Kepler-55,285.1667,44.0264,16.3,,,,,,,0.62,0.58,,,4362
Kepler-55 c,,,,0.2,,,42.1516418,5.30E-05,5.30E-05,,,,,,,,,,,2454971.993,0.0043,0.0043,,,,,,,,,,,,,,1,2012,1/17/2013,,,,,,,detected by transit,,Kepler-55,285.1667,44.0264,16.3,,,,,,,0.62,0.58,,,4362
Kepler-56 b,0.07,0.012,0.012,0.58,0.03,0.03,10.5016,0.0011,0.0011,0.1028,0.0037,0.0037,0,,,,83.84,0.26,0.26,2454968.559,0.0088,0.0088,,,,,,,,,,,,,,1,2012,10/21/2013,,,,,,,detected by transit,,Kepler-56,293.7583,41.8719,13,,,,,,0.2,1.32,4.23,,3.5,4840
Kepler-56 c,0.569,0.07,0.07,0.88,0.04,0.04,21.40239,0.00062,0.00062,0.1652,0.0059,0.0059,0,,,,84.02,0.09,0.09,2454978.656,0.0057,0.0057,,,,,,,,,,,,,,1,2012,10/21/2013,,,,,,,detected by transit,,Kepler-56,293.7583,41.8719,13,,,,,,0.2,1.32,4.23,,3.5,4840
Kepler-56 d,3.3,,,,,,,,,2,,,0.4,,,,,,,,,,,,,,,,,,,,,,,1,2013,10/18/2013,,,,,,,detected by radial velocity,,Kepler-56,293.7583,41.8719,13,,,,,,0.2,1.32,4.23,,3.5,4840
Kepler-57 b,0.31,0.047,0.31,0.2,,,5.7293196,1.80E-05,1.80E-05,,,,,,,,,,,2454971.558,0.001,0.001,,,,,,,,,,,,,,1,2012,1/17/2013,,,,,,,detected by transit,,Kepler-57,293.6417,44.6569,15.5,,,,,,,0.83,0.73,,,5145
Kepler-57 c,0.017,0.012,0.017,0.14,,,11.6092567,8.60E-05,8.60E-05,,,,,,,,,,,2454966.991,0.0027,0.0027,,,,,,,,,,,,,,1,2012,1/17/2013,,,,,,,detected by transit,,Kepler-57,293.6417,44.6569,15.5,,,,,,,0.83,0.73,,,5145
Kepler-58 b,0.086,0.025,0.086,0.25,,,10.2184954,0.00015,0.00015,,,,,,,,,,,2454969.87,0.0056,0.0056,,,,,,,,,,,,,,1,2012,1/17/2013,,,,,,,detected by transit,,Kepler-58,296.3583,39.1153,15.3,,,,,,,0.95,1.03,,,5843
Kepler-58 c,0.13,0.04,0.13,0.26,,,15.5741568,0.0027,0.0027,,,,,,,,,,,2454965.432,0.0066,0.0066,,,,,,,,,,,,,,1,2012,1/17/2013,,,,,,,detected by transit,,Kepler-58,296.3583,39.1153,15.3,,,,,,,0.95,1.03,,,5843
Kepler-59 b,,,,0.098,,,11.8681707,0.00036,0.00036,,,,,,,,,,,2454970.748,0.011,0.011,,,,,,,,,,,,,,1,2012,1/17/2013,,,,,,,detected by transit,,Kepler-59,287.0375,46.64,14.8,,,,,,,1.04,0.94,,,6074
Kepler-59 c,,,,0.18,,,17.9801235,0.0003,0.0003,,,,,,,,,,,2.45E+11,0.0065,0.0065,,,,,,,,,,,,,,1,2012,1/17/2013,,,,,,,detected by transit,,Kepler-59,287.0375,46.64,14.8,,,,,,,1.04,0.94,,,6074
Kepler-6 b,0.669,0.03,0.025,1.323,0.029,0.029,3.234723,1.70E-05,1.70E-05,0.04567,0.00046,0.00046,0,,,,86.8,0.3,0.3,2454954.486,0.00014,0.00014,,,,,,,,,,1451,,,,1,2010,10/19/2013,,,,,,,detected by transit,,Kepler-6,296.8375,48.24,,,,,,,0.34,1.209,1.391,,3.8,5647
Kepler-60 b,,,,0.2,,,7.1316185,9.30E-05,9.30E-05,,,,,,,,,,,2454969.036,0.0047,0.0047,,,,,,,,,,,,,,1,2012,1/17/2013,,,,,,,detected by transit,,Kepler-60,288.9625,42.265,14.5,,,,,,,1.1,1.5,,,5915
Kepler-60 c,,,,0.22,,,8.9193459,0.00011,0.00011,,,,,,,,,,,2454973.065,0.0047,0.0047,,,,,,,,,,,,,,1,2012,1/17/2013,,,,,,,detected by transit,,Kepler-60,288.9625,42.265,14.5,,,,,,,1.1,1.5,,,5915
Kepler-60 d,,,,0.23,,,11.9016171,0.0002,0.0002,,,,,,,,,,,2454966.246,0.0063,0.0063,,,,,,,,,,,,,,1,2012,1/17/2013,,,,,,,detected by transit,,Kepler-60,288.9625,42.265,14.5,,,,,,,1.1,1.5,,,5915
Kepler-61 b,,,,0.192,0.0116,0.0116,59.87756,0.0002,0.0002,0.27,0.01,0.01,0.25,0,0.25,,89.8,0.2,0,2454984.188,0.0029,0.0029,,,,,,,,,,,,,,1,2012,7/1/2013,,,,,,,detected by transit,,Kepler-61,295.3042,42.4753,15,,,,,,0.03,0.635,0.62,K7V,1,4017
Kepler-62 b,0.028,0,0.028,0.117,0.0036,0.0036,5.714932,9.00E-06,9.00E-06,0.0553,0.0005,0.0005,,,,,89.2,0.4,0.4,2455003.919,0.0009,0.0009,,,,,,,,,,,,,,1,2013,4/18/2013,,,,,,,detected by transit,,Kepler-62,283.2125,45.3499,14,,,,,,-0.21,0.69,0.63,K2V,,4869
Kepler-62 c,0.0126,0,0.0126,0.048,0.0027,0.0027,12.4417,0.0001,0.0001,0.0929,0.0009,0.0009,,,,,89.7,0.2,0.2,2454967.651,0.008,0.008,,,,,,,,,,,,,,1,2013,8/30/2013,,,,,,,detected by transit,,Kepler-62,283.2125,45.3499,14,,,,,,-0.21,0.69,0.63,K2V,,4869
Kepler-62 d,0.044,0,0.044,0.174,0.0063,0.0063,18.16406,2.00E-05,2.00E-05,0.12,0.001,0.001,,,,,89.7,0.3,0.3,2455013.812,0.0008,0.0008,,,,,,,,,,,,,,1,2013,4/18/2013,,,,,,,detected by transit,,Kepler-62,283.2125,45.3499,14,,,,,,-0.21,0.69,0.63,K2V,,4869
Kepler-62 e,0.113,0,0.113,0.144,0.0045,0.0045,122.3874,0.0008,0.0008,0.427,0.004,0.004,,,,,89.98,0.02,0.02,2454983.404,0.003,0.003,,,,,,,,,,,,,,1,2013,4/18/2013,,,,,,,detected by transit,,Kepler-62,283.2125,45.3499,14,,,,,,-0.21,0.69,0.63,K2V,,4869
Kepler-62 f,0.11,0,0.11,0.126,0.0063,0.0063,267.291,0.005,0.005,0.718,0.007,0.007,,,,,89.9,0.03,0.03,2455412.71,0.0006,0.0006,,,,,,,,,,,,,,1,2013,4/19/2013,,,,,,,detected by transit,,Kepler-62,283.2125,45.3499,14,,,,,,-0.21,0.69,0.63,K2V,,4869
Kepler-63 b,,,,0.545,0.02,0.02,9.4341505,1.00E-06,1.00E-06,0.08,0.002,0.002,,,,,87.806,0.018,0.019,,,,,,,,,,,,,,,,,1,2013,10/28/2013,,,,,,,detected by transit,,TYC 3550-458-1,289.225,49.54819722,12.02,,,,,200,0.05,0.984,0.901,,,5576
Kepler-65 b,,,,0.127,0.003,0.003,2.15491,,,0.035,0.002,0.001,,,,,,,,,,,,,,,,,,,,,,,,1,2013,7/17/2013,,,,,,,detected by transit,,Kepler-65,288.6875,41.15113583,11.6,,,,,,0.17,1.25,1.41,B,2.9,6211
Kepler-65 c,0.084951074,0.05663405,0.05663405,0.23,0.005,0.005,5.859944,,,0.068,0.004,0.002,,,,,,,,,,,,,,,,,,,,,,,,1,2013,10/31/2013,,,,,,,detected by transit,,Kepler-65,288.6875,41.15113583,11.6,,,,,,0.17,1.25,1.41,B,2.9,6211
Kepler-65 d,0.006292672,0.006292672,0.006292672,0.135,0.004,0.004,8.13123,,,0.084,0.006,0.002,,,,,,,,,,,,,,,,,,,,,,,,1,2013,10/31/2013,,,,,,,detected by transit,,Kepler-65,288.6875,41.15113583,11.6,,,,,,0.17,1.25,1.41,B,2.9,6211
Kepler-66 b,0.31,0.07,0.07,0.25,0.006,0.006,17.815815,7.50E-05,7.50E-05,0.1352,0.0017,0.0017,,,,,,,,2454967.485,0.0025,0.0025,,,,,,,,,,,,,,1,2013,6/27/2013,,,,,,,detected by transit,,Kepler-66,293.9833,46.6878,15.3,,,,,1107,0.012,1.038,0.966,GOV,1,5962
Kepler-67 b,0.31,0.06,0.06,0.26,0.014,0.014,15.7259,0.00011,0.00011,0.1171,0.0015,0.0015,,,,,,,,2454966.986,0.0048,0.0048,,,,,,,,,,,,,,1,2013,6/27/2013,,,,,,,detected by transit,,Kepler-67,294.1542,46.1664,16.4,,,,,1107,0.012,0.865,0.778,G9V,1,5331
Kepler-68 b,0.023880691,0.008180474,0.008180474,0.205192622,0.004460709,0.007137135,5.398763,4.00E-06,4.00E-06,0.0617,0.00056,0.00056,0,,,,87.6,0.9,0.9,2455006.857,0.00042,0.00042,,,,,,,,,,,,,,1,2013,11/5/2013,,,,,,,detected by transit,,Kepler-68,291.0333333,49.04027778,,,,,,135,0.12,1.079,1.243,,6.3,5793
Kepler-68 c,0.015,0.008,0.011,0.081,0.003,0.003,9.605065,7.20E-05,7.20E-05,0.09059,0.00082,0.00082,,,,,86.93,0.41,0.41,2454969.381,0.0041,0.0041,,,,,,,,,,,,,,1,2013,2/13/2013,,,,,,,detected by transit,,Kepler-68,291.0333333,49.04027778,,,,,,135,0.12,1.079,1.243,,6.3,5793
Kepler-68 d,0.947,0.035,0.035,,,,580,15,15,1.4,0.03,0.03,0.18,0.05,0.05,,,,,,,,,,,,,,,,,,,,,1,2013,2/13/2013,,,,,,,detected by radial velocity,,Kepler-68,291.0333333,49.04027778,,,,,,135,0.12,1.079,1.243,,6.3,5793
Kepler-69 b,,,,0.2,0.039,0.026,13.722341,3.60E-05,3.60E-05,0.094,0.023,0.016,,,,,89.62,0.26,0.45,2454970.841,0.0016,0.0016,,,,,,,,,,,,,,1,2013,4/19/2013,,,,,,,detected by transit,,Kepler-69,293.2625,44.8689,13.7,,,,,,-0.29,0.81,0.93,G4V,,5638
Kepler-69 c,,,,0.153,0.03,0.021,242.4613,0.0059,0.0064,0.64,0.15,0.11,,,,,89.85,0.03,0.08,24544983.87,0.016,0.016,,,,,,,,,,,,,,1,2013,4/19/2013,,,,,,,detected by transit,,Kepler-69,293.2625,44.8689,13.7,,,,,,-0.29,0.81,0.93,G4V,,5638
Kepler-7 b,0.433,0.041,0.042,1.614,0.015,0.015,4.885525,4.00E-05,4.00E-05,0.06246,0.00046,0.00046,0.1,0.1,0.1,,85.18,0.076,0.076,2454967.276,0.0002,0.0002,,,,,,,,,,1586,,,,1,2010,10/19/2013,357.1,2.8,2.8,,,,detected by transit,,Kepler-7,288.5833333,41.0897222,,,,,,,0.11,1.36,2.02,,3.5,5933
Kepler-70  b,0.014,,,0.068,,,0.2401,4.00E-06,4.00E-06,0.006,,,,,,5.00E-06,,,,,,,,,,,,,,,,,,,,1,2011,11/5/2013,,,,,,,detected by imaging,,KOI-55,296.3541667,41.0927778,14.87,,,,,1180,,0.496,0.203,sdB,0.0184,27730
Kepler-70 c,0.0021,,,0.078,,,0.34289,1.30E-05,1.30E-05,0.0076,,,,,,6.00E-06,,,,,,,,,,,,,,,,,,,,1,2011,11/5/2013,,,,,,,detected by imaging,,KOI-55,296.3541667,41.0927778,14.87,,,,,1180,,0.496,0.203,sdB,0.0184,27730
Kepler-71 b,,,,1.0452,0.5,0.5,3.905081,7.20E-05,7.20E-05,0.047,,,0,,,,89.95,,,,,,,,,,,,,,,,,,,4,2013,10/28/2013,,,,,,,detected by transit,,Kepler-71,294.865509,46.285851,15.386,,,,,,-0.2,0.923,0.816,,,5591
Kepler-74 b,0.68,0.09,0.09,1.32,0.14,0.14,7.340718,1.00E-06,1.00E-06,0.084,0.014,0.014,0.287,0.062,0.062,,85.55,0.96,0.96,2454967.345,0.0003,0.0003,,,,,,,,,,,,,,2,2012,9/24/2013,64,21,21,2454967.04,0.21,0.34,detected by transit,,Kepler-74,293.0916667,41.3555556,14.23,,,,,1330,0.34,1.4,1.51,F8V,2.9,6050
Kepler-75 b,9.9,0.5,0.5,1.03,0.06,0.06,8.884924,2.00E-06,2.00E-06,0.08,0.05,0.05,0.569,0.01,0.01,,89.1,0.6,1,2455002.991,0.0002,0.0002,,,,,,,,,,,,,,1,2013,9/24/2013,63.6,1.4,1.4,2455002.841,0.011,0.011,detected by transit,,Kepler-75,291.1375,36.5775,15,,,,,1140,-0.07,0.88,0.88,G8V,6,5330
Kepler-76 b,1.96,0.25,0.25,1.25,0.08,0.08,1.54492875,2.70E-07,2.70E-07,0.028,0.003,0.003,,,,,78,0.2,0.2,2454966.548,7.00E-05,7.00E-05,,,,,,,,,,,,,,1,2013,7/5/2013,,,,,,,detected by transit,,Kepler-76,294.1917,39.6189,14,,,,,,-0.1,1.2,1.12,,,6300
Kepler-77 b,0.43,0.032,0.032,0.96,0.016,0.016,3.5787087,2.30E-07,2.30E-07,0.04501,0.00063,0.00063,0,,,,88,0.11,0.11,2455095.866,2.90E-05,2.90E-05,,,,,,,,,,,,,,1,2013,9/18/2013,,,,,,,detected by transit,,Kepler-77,289.607971,44.345421,15,,,,,570,0.2,0.95,0.99,G5V,7.5,5520
Kepler-78 b,0.005317308,0.001289998,0.001289998,0.10705702,0.008029277,0.008029277,0.35500745,8.00E-08,8.00E-08,0.01,0.011,0.0025,,,,,81,6,9,2454953.96,0.00015,0.00015,,,,,,,,,,2330,,,,1,2013,10/31/2013,,,,,,,detected by transit,,Kepler-78,293.7417,44.4483,12,,,,,,-0.08,0.84,0.73,G,,5143
Kepler-79 b,0.188780165,0.031463361,0.031463361,0.2948,0.098,0.098,13.484697,5.10E-05,5.10E-05,0.117,,,,,,,84.8,,,,,,,,,,,,,,,868,,,,4,2013,10/31/2013,,,,,,,detected by transit,,Kepler-79,300.51712,44.38158,14.11,,,,,,,1.165,1.302,,3.44,6174
Kepler-79 c,0.047195041,0.009439008,0.009439008,0.333,0.098,0.098,27.4029,0.0008,0.0008,0.187,0.003,0.003,0.03,0.027,0.021,,89.48,0.09,0.09,,,,,,,,,,,,,685,,,,1,2013,10/31/2013,,,,,,,detected by transit,,Kepler-79,300.51712,44.38158,14.11,,,,,,,1.165,1.302,,3.44,6174
Kepler-79 d,0.069219394,0.022024353,0.022024353,0.64,0.012,0.012,52.0902,0.001,0.001,0.287,0.004,0.004,0.025,0.059,0.023,,89.93,0.07,0.03,,,,,,,,,,,,,553,,,,4,2013,10/31/2013,,,,,,,detected by transit,,Kepler-79,300.51712,44.38158,14.11,,,,,,,1.165,1.302,,3.44,6174
Kepler-79 e,0.0129,0.003,0.003,0.312,0.1,0.1,81.0659,0.0013,0.0013,0.386,0.005,0.005,0.012,0.044,0.005,,89.13,0.02,0.02,,,,,,,,,,,,,477,,,,4,2013,10/31/2013,,,,,,,detected by transit,,Kepler-79,300.51712,44.38158,14.11,,,,,,,1.165,1.302,,3.44,6174
Kepler-8 b,0.603,0.19,0.13,1.419,0.058,0.058,3.52254,5.00E-05,5.00E-05,0.0483,0.0012,0.0012,0,,,3.60E-05,84.07,0.33,0.33,2454954.118,0.0004,0.0004,,,,,,,,,,1638,,,,3,2010,10/19/2013,,,,,,,detected by transit,,Kepler-8,281.2875,42.4511111,13.9,,,,,1330,-0.055,1.213,1.486,,3.84,6213
Kepler-80 b,,,,0.21,,,7.05,,,,,,,,,,,,,,,,,,,,,,,,,,,,,1,2012,9/24/2013,,,,,,,detected by transit,,Kepler-80,296.1125,39.9788889,15,,,,,,-0.56,,0.738,,,4250
Kepler-80 c,,,,0.23,,,9.52,,,,,,,,,,,,,,,,,,,,,,,,,,,,,1,2012,9/24/2013,,,,,,,detected by transit,,Kepler-80,296.1125,39.9788889,15,,,,,,-0.56,,0.738,,,4250
Kepler-80 d,,,,0.125,,,3.07,,,,,,,,,,,,,,,,,,,,,,,,,,,,,1,2012,9/24/2013,,,,,,,detected by transit,,Kepler-80,296.1125,39.9788889,15,,,,,,-0.56,,0.738,,,4250
Kepler-80 e,,,,0.134,,,4.64,,,,,,,,,,,,,,,,,,,,,,,,,,,,,1,2012,9/24/2013,,,,,,,detected by transit,,Kepler-80,296.1125,39.9788889,15,,,,,,-0.56,,0.738,,,4250
Kepler-80 f,,,,0.116,,,0.99,,,,,,,,,,,,,,,,,,,,,,,,,,,,,1,2012,9/24/2013,,,,,,,detected by transit,,Kepler-80,296.1125,39.9788889,15,,,,,,-0.56,,0.738,,,4250
Kepler-81 b,,,,0.2269,0.017,0.017,5.954893,1.10E-05,1.10E-05,0.056,,,0,,,,85.94,,,,,,,,,,,,,,,646,,,,4,2013,9/22/2013,,,,,,,detected by transit,,Kepler-81,293.636963,42.82497,15.563,,,,,,-0.2,0.648,0.578,,,4391
Kepler-81 c,,,,0.2188,0.017,0.017,12.039901,3.50E-05,3.50E-05,0.089,,,0,,,,87.66,,,,,,,,,,,,,,,513,,,,4,2013,9/22/2013,,,,,,,detected by transit,,Kepler-81,293.636963,42.82497,15.563,,,,,,-0.2,0.648,0.578,,,4391
Kepler-82 b,,,,0.3573,0.161,0.161,26.44288,0.00013,0.00013,0.169,,,0,,,,89.38,,,,,,,,,,,,,,,581,,,,4,2013,9/22/2013,,,,,,,detected by transit,,Kepler-82 ,292.873383,42.966141,15.437,,,,,,,,,,,5500
Kepler-82 c,,,,0.4734,0.214,0.214,51.53005,0.00018,0.00018,0.264,,,0,,,,89.95,,,,,,,,,,,,,,,464,,,,4,2013,9/22/2013,,,,,,,detected by transit,,Kepler-82 ,292.873383,42.966141,15.437,,,,,,,,,,,5500
Kepler-83 b,,,,0.209,0.19,0.19,9.770513,4.70E-05,4.70E-05,0.078,,,0,,,,88.24,,,,,,,,,,,,,,,,,,,4,2013,9/22/2013,,,,,,,detected by transit,,Kepler-83,282.232513,43.66563,16.511,,,,,,-0.2,0.664,0.539,,,4164
Kepler-83 c,,,,0.1733,0.21,0.21,20.08976,0.00021,0.00021,0.126,,,0,,,,88.81,,,,,,,,,,,,,,,,,,,4,2013,9/22/2013,,,,,,,detected by transit,,Kepler-83,282.232513,43.66563,16.511,,,,,,-0.2,0.664,0.539,,,4164
Kepler-84 b,,,,0.1965,0.009,0.009,8.725854,6.00E-05,6.00E-05,0.083,,,0,,,,88.24,,,,,,,,,,,,,,,937,,,,4,2013,9/22/2013,,,,,,,detected by transit,,Kepler-84,298.252045,40.496078,15.032,,,,,,-0.2,1.022,1.035,,,6015
Kepler-84 c,,,,0.2144,0.098,0.098,12.882525,9.30E-05,9.30E-05,0.108,,,0,,,,88.24,,,,,,,,,,,,,,,821,,,,4,2013,9/22/2013,,,,,,,detected by transit,,Kepler-84,298.252045,40.496078,15.032,,,,,,-0.2,1.022,1.035,,,6015
Kepler-85 b,0.0465,,,0.178,,,8.305992,,,0.07891,,,,,,,,,,2454972.717,,,,,,,,,,,,,,,,1,2013,9/24/2013,,,,,,,detected by transit,,Kepler-85,290.975,45.2903,15,,,,,,,0.95,0.84,,,5666
Kepler-85 c,0.059,,,0.197,,,12.51217,,,0.10369,,,,,,,,,,2454972.456,,,,,,,,,,,,,,,,1,2013,9/24/2013,,,,,,,detected by transit,,Kepler-85,290.975,45.2903,15,,,,,,,0.95,0.84,,,5666
Kepler-86 b,,,,0.905,0.05,0.05,282.5255,0.001,0.001,0.828,0.009,0.009,0.41,0.08,0.29,,89.83,0.03,0.03,2455195.579,,,,,,,,,,,,281,,,,1,2013,9/30/2013,3.4,54,3.4,,,,detected by transit,,KIC 12735740,289.7625,51.9625,,,,,,,-0.079,0.94,1,,,5629
Kepler-87 b,1.02,0.16,0.16,1.21,0.006,0.006,114.73709,0.00026,0.00026,0.471,0.028,0.028,0.036,0.009,0.009,,89.274,0.034,0.034,,,,,,,,,,,,,478.1,,,,1,2013,10/11/2013,238.6,27.6,27.6,,,,detected by transit,,KOI-1574,297.9167,46.965,15,,,,,,-0.17,1.1,1.82,,7.5,5600
Kepler-87 c,0.0201,0.01,0.01,0.549,0.008,0.008,192.363,0.0074,0.0074,0.664,0.013,0.013,0.039,0.012,0.012,,89.588,0.031,0.031,,,,,,,,,,,,,403.3,,,,1,2012,10/11/2013,223.2,18.8,18.8,,,,detected by transit,,KOI-1574,297.9167,46.965,15,,,,,,-0.17,1.1,1.82,,7.5,5600
Kepler-88 b,0.0055264,0.0055264,0,0.37647,0.026,0.0347,10.9542,6.40E-05,0.00143,,,,0.05611,0.00121,0.00052,,0.962,0.077,0.078,,,,,,,,,,,,,,,,,1,2013,10/21/2013,90.7,3.4,1,,,,detected by transit,,Kepler-88,291.15,40.6694,5.183,,11.882,11.517,11.454,385,0.37,1.022,0.961,B,2.45,5513
Kepler-88 c,0.76,0.32,0.16,,,,22.1,0.25,0.25,0.1529,0.0021,0.0021,0.19,0.3,0.14,,3.7,2.7,2.1,,,,,,,,,,,,,,,,,1,2013,12/9/2013,,,,,,,detected by radial velocity,,Kepler-88,291.15,40.6694,5.183,,11.882,11.517,11.454,385,0.37,1.022,0.961,B,2.45,5513
Kepler-89 b,0.033,0.014,0.014,0.153,0.014,0.014,3.7432451,3.10E-05,3.10E-05,0.05,,,,,,,,,,2454965.74,0.00019,0.00019,,,,,,,,,,,,,,1,2012,11/5/2013,,,,,,,detected by transit,,KOI-94,297.3333,41.8911,12.4,,,,,,-0.01,1.25,1.656,,3.9,6116
Kepler-89 c,0.03,0.018,0.049,0.386,0.008,0.008,10.423707,2.60E-05,2.60E-05,0.099,,,,,,,,,,2454971.007,0.00093,0.00093,,,,,,,,,,,,,,1,2012,11/5/2013,,,,,,,detected by transit,,KOI-94,297.3333,41.8911,12.4,,,,,,-0.01,1.25,1.656,,3.9,6116
Kepler-89 d,0.164,0.022,0.022,1,0.095,0.095,22.3430004,1.10E-05,1.10E-05,0.165,,,,,,,,,,2454965.74,0.00019,0.00019,,,,,,,,,,,,,,1,2012,11/5/2013,,,,,,,detected by transit,,KOI-94,297.3333,41.8911,12.4,,,,,,-0.01,1.25,1.656,,3.9,6116
Kepler-89 e,0.041,0.008,0.008,0.55,0.05,0.05,54.319931,0.00012,0.00012,0.298,,,,,,,,,,2454994.24,0.00079,0.00079,,,,,,,,,,,,,,1,2012,11/5/2013,,,,,,,detected by transit,,KOI-94,297.3333,41.8911,12.4,,,,,,-0.01,1.25,1.656,,3.9,6116
Kepler-9 b,0.248560551,0.020986062,0.020986062,0.841289752,0.068694921,0.068694921,19.243158,9.80E-05,9.80E-05,0.14,0.001,0.001,,,,,88.55,0.25,0.25,5073.43381,0.00052,0.00052,,,,,,,,,,,,,,1,2010,11/15/2013,,,,,,,detected by transit,,Kepler-9,285.575,38.4008333,13.9,,,,,,0.17,1,1.1,,3,5722
Kepler-9 c,0.168328981,0.017367775,0.017367775,0.822554773,0.066910638,0.066910638,38.90861,0.000738,0.000738,0.225,0.001,0.001,,,,,88.12,0.17,0.17,5164.18301,0.00074,0.00074,,,,,,,,,,,,,,1,2010,11/15/2013,,,,,,,detected by transit,,Kepler-9,285.575,38.4008333,13.9,,,,,,0.17,1,1.1,,3,5722
Kepler-9 d,0.022,inf,inf,0.147,0.013,0.013,1.592851,4.50E-05,4.50E-05,0.0273,0.00043,0.00043,,,,,,,,2455015.094,0.0033,0.0033,,,,,,,,,,,,,,1,2010,11/23/2010,,,,,,,detected by transit,,Kepler-9,285.575,38.4008333,13.9,,,,,,0.17,1,1.1,,3,5722
Kepler-90 b,,,,0.117,0.015,0.015,7.008151,1.90E-05,1.90E-05,0.074,0.016,0.016,,,,,89.4,1.5,1.5,245470.9606,0.0017,0.0017,,,,,,,,,,1056,,,,1,2013,11/5/2013,,,,,,,detected by transit,,KOI-351,284.433502,49.305161,14,,,,,,-0.17,1.13,1.2,,,5930
Kepler-90 c,,,,0.106,0.013,0.013,8.719375,2.70E-05,2.70E-05,0.089,0.012,0.012,,,,,89.68,0.74,0.74,2454872.569,0.0023,0.0023,,,,,,,,,,981,,,,1,2013,11/5/2013,,,,,,,detected by transit,,KOI-351,284.433502,49.305161,14,,,,,,-0.17,1.13,1.2,,,5930
Kepler-90 d,,,,0.257,0.027,0.027,59.73667,0.00038,0.00038,0.32,0.05,0.05,,,,,89.71,0.029,0.029,2454991.966,0.0042,0.0042,,,,,,,,,,518,,,,1,2013,11/5/2013,,,,,,,detected by transit,,KOI-351,284.433502,49.305161,14,,,,,,-0.17,1.13,1.2,,,5930
Kepler-90 e,,,,0.238,0.026,0.026,91.93913,0.00073,0.00073,0.42,0.06,0.06,,,,,89.79,0.19,0.19,2454967.313,0.0063,0.0063,,,,,,,,,,448,,,,1,2013,11/5/2013,,,,,,,detected by transit,,KOI-351,284.433502,49.305161,14,,,,,,-0.17,1.13,1.2,,,5930
Kepler-90 f,,,,0.258,0.047,0.047,124.9144,0.0019,0.0019,0.48,0.09,0.09,0.01,0.02,0.01,,89.77,0.31,0.31,2455087.704,0.014,0.014,,,,,,,,,,592,,,,1,2013,11/5/2013,,,,,,,detected by transit,,KOI-351,284.433502,49.305161,14,,,,,,-0.17,1.13,1.2,,,5930
Kepler-90 g,,,,0.725,0.072,0.072,210.60697,0.00043,0.00043,0.71,0.08,0.08,,,,,89.8,0.06,0.06,2454850.036,0.0014,0.0014,,,,,,,,,,340,,,,1,2013,11/5/2013,,,,,,,detected by transit,,KOI-351,284.433502,49.305161,14,,,,,,-0.17,1.13,1.2,,,5930
Kepler-90 h,,,,1.01,0.09,0.09,331.60059,0.00037,0.00037,1.01,0.11,0.11,,,,,89.6,1.3,1.3,2454973.496,0.00082,0.00082,,,,,,,,,,292,,,,1,2013,11/5/2013,,,,,,,detected by transit,,KOI-351,284.433502,49.305161,14,,,,,,-0.17,1.13,1.2,,,5930
Kepler-91 b,0.88,0.17,0.33,1.384,0.011,0.054,6.24658,8.20E-05,8.20E-05,0.072,0.002,0.007,0,,,,68.5,1,1.6,,,,,,,,,,,,,,,,,1,2013,12/16/2013,316.8,21,74,,,,detected by transit,,Kepler-91,285.6708333,44.11666667,12.9,,,,,1030,0.11,1.31,6.3,,4.86,4550
Kepler-92 b,0.189,0.28,0.126,0.314,0.039,0.039,13.749,,,,,,,,,,,,,,,,,,,,,,,,,,,,,1,2013,12/20/2013,,,,,,,detected by transit,,Kepler-92,289.0875,41.5631,11.6,,,,,,,1.17,1.53,,,
Kepler-92 c,0.0179,0.0277,0.011,0.233,0.029,0.029,26.723,,,,,,,,,,,,,,,,,,,,,,,,,,,,,1,2013,12/20/2013,,,,,,,detected by transit,,Kepler-92,289.0875,41.5631,11.6,,,,,,,1.17,1.53,,,
